name,author,type,form
万族之劫,老鹰吃小鸡,都市,连载
我师兄实在太稳健了,言归正传,仙侠,连载
诡秘之主,爱潜水的乌贼,玄幻,完本
璀璨城13科的吉恩,背后有神助C,轻小说,连载
第一序列,会说话的肘子,都市,连载
平平无奇大师兄,黑夜弥天,轻小说,连载
我真没想当救世主啊,火中物,科幻,连载
小阁老,三戒大师,历史,连载
亏成首富从游戏开始,青衫取醉,游戏,连载
大奉打更人,卖报小郎君,仙侠,连载
当医生开了外挂,手握寸关尺,都市,连载
我真没想重生啊,柳岸花又明,都市,连载
纵横天下从铁布衫开始,再入江湖,玄幻,连载
轮回乐园,那一只蚊子,轻小说,连载
超神机械师,齐佩甲,游戏,连载
芝加哥1990,齐可休,轻小说,连载
我有一座冒险屋,我会修空调,悬疑,连载
黎明之剑,远瞳,科幻,连载
全球高武,老鹰吃小鸡,都市,连载
明天下,孑与2,历史,连载
name,author,type,form
万族之劫,老鹰吃小鸡,都市,连载
我师兄实在太稳健了,言归正传,仙侠,连载
诡秘之主,爱潜水的乌贼,玄幻,完本
璀璨城13科的吉恩,背后有神助C,轻小说,连载
第一序列,会说话的肘子,都市,连载
平平无奇大师兄,黑夜弥天,轻小说,连载
港综世界大枭雄,萌俊,科幻,连载
超神机械师,齐佩甲,游戏,连载
亏成首富从游戏开始,青衫取醉,游戏,连载
我真没想重生啊,柳岸花又明,都市,连载
当医生开了外挂,手握寸关尺,都市,连载
穿越从武当开始,泡椒炖咸鱼,科幻,连载
大奉打更人,卖报小郎君,仙侠,连载
轮回乐园,那一只蚊子,轻小说,连载
我真没想当救世主啊,火中物,科幻,连载
小阁老,三戒大师,历史,连载
烂柯棋缘,真费事,仙侠,连载
黎明之剑,远瞳,科幻,连载
拜见君子,连山易子,玄幻,连载
动物园养成游戏,惊石入水,都市,连载
name,author,type,form
万族之劫,老鹰吃小鸡,都市,连载
我师兄实在太稳健了,言归正传,仙侠,连载
诡秘之主,爱潜水的乌贼,玄幻,完本
璀璨城13科的吉恩,背后有神助C,轻小说,连载
第一序列,会说话的肘子,都市,连载
平平无奇大师兄,黑夜弥天,轻小说,连载
港综世界大枭雄,萌俊,科幻,连载
超神机械师,齐佩甲,游戏,连载
亏成首富从游戏开始,青衫取醉,游戏,连载
我真没想重生啊,柳岸花又明,都市,连载
当医生开了外挂,手握寸关尺,都市,连载
穿越从武当开始,泡椒炖咸鱼,科幻,连载
大奉打更人,卖报小郎君,仙侠,连载
轮回乐园,那一只蚊子,轻小说,连载
我真没想当救世主啊,火中物,科幻,连载
小阁老,三戒大师,历史,连载
烂柯棋缘,真费事,仙侠,连载
黎明之剑,远瞳,科幻,连载
拜见君子,连山易子,玄幻,连载
动物园养成游戏,惊石入水,都市,连载
author,form,name,type
老鹰吃小鸡,连载,万族之劫,都市
言归正传,连载,我师兄实在太稳健了,仙侠
爱潜水的乌贼,完本,诡秘之主,玄幻
背后有神助C,连载,璀璨城13科的吉恩,轻小说
会说话的肘子,连载,第一序列,都市
黑夜弥天,连载,平平无奇大师兄,轻小说
萌俊,连载,港综世界大枭雄,科幻
齐佩甲,连载,超神机械师,游戏
青衫取醉,连载,亏成首富从游戏开始,游戏
柳岸花又明,连载,我真没想重生啊,都市
手握寸关尺,连载,当医生开了外挂,都市
泡椒炖咸鱼,连载,穿越从武当开始,科幻
卖报小郎君,连载,大奉打更人,仙侠
那一只蚊子,连载,轮回乐园,轻小说
火中物,连载,我真没想当救世主啊,科幻
三戒大师,连载,小阁老,历史
真费事,连载,烂柯棋缘,仙侠
远瞳,连载,黎明之剑,科幻
连山易子,连载,拜见君子,玄幻
惊石入水,连载,动物园养成游戏,都市
我会修空调,连载,我有一座冒险屋,悬疑
老鹰吃小鸡,连载,全球高武,都市
静悄悄地写,连载,我真的只是想打铁,体育
孑与2,连载,明天下,历史
纯洁滴小龙,连载,魔临,悬疑
裴屠狗,连载,大道纪,科幻
轻泉流响,连载,精灵掌门人,轻小说
无面凄凉,连载,这个忍者明明不强却过分作死,轻小说
育,完本,九星毒奶,科幻
林白音抖,连载,练习生从徒手劈砖开始,军事
通吃道人.QD,连载,圣光,科幻
黑色墨汁,连载,从当爷爷开始,都市
起酥面包,连载,生活系男神,都市
坟土荒草,连载,神话版三国,历史
我吃西红柿,连载,沧元图,玄幻
净无痕,连载,伏天氏,玄幻
再入江湖,连载,纵横天下从铁布衫开始,玄幻
云中殿,连载,我真的不是气运之子,轻小说
愤怒的香蕉,连载,赘婿,历史
请叫我医生,连载,我真是实习医生,都市
晨星LL,完本,学霸的黑科技系统,科幻
唐家三少,连载,斗罗大陆IV终极斗罗,玄幻
谋生任转蓬,连载,我的徒弟都是大反派,玄幻
玉米煮不熟,连载,我老婆是大明星,都市
南山堂,连载,大唐孽子,历史
迪巴拉爵士,完本,北宋大丈夫,历史
大明第一帅,连载,大明最后一个狠人,历史
老魔童,连载,全世界只有我不知道我是高人,都市
牧童听竹,连载,万道龙皇,玄幻
乱,连载,牧龙师,玄幻
巫马行,连载,我真没想出名啊,都市
步枪,连载,大国战隼,军事
七月新番,连载,汉阙,历史
榴弹怕水,连载,绍宋,历史
九灯和善,连载,超品命师,都市
难山之下,连载,大唐逍遥驸马爷,历史
宅猪,连载,临渊行,玄幻
圣骑士的传说,完本,修真聊天群,都市
辰东,完本,遮天,仙侠
王梓钧,连载,梦回大明春,历史
宅猪,完本,牧神记,玄幻
古羲,连载,超神宠兽店,玄幻
石章鱼,连载,天降我才必有用,都市
会说话的肘子,完本,大王饶命,都市
凤嘲凰,连载,诸天尽头,科幻
猫腻,连载,大道朝天,玄幻
夏竖琴,连载,从斗罗开始打卡,轻小说
莫入江湖,连载,全属性武道,玄幻
常世,连载,我给万物加个点,轻小说
唐家三少,完本,斗罗大陆,玄幻
云东流,连载,我能提取熟练度,游戏
风月,连载,天启预报,奇幻
空想之龙,连载,转生眼中的火影世界,轻小说
误道者,连载,玄浑道章,仙侠
风凌天下,连载,左道倾天,玄幻
忘语,完本,凡人修仙传,仙侠
烟火成城,连载,诸界末日在线,科幻
卷土,连载,最初进化,玄幻
睡觉会变白,连载,从1983开始,都市
小小鲤鱼王,连载,我的专属神级副本,轻小说
圣诞稻草人,连载,北颂,历史
徐公子胜治,连载,欢想世界,科幻
阎ZK,连载,我在幕后调教大佬,玄幻
滚开,连载,万千之心,玄幻
海底漫步者,连载,绝对一番,都市
黑灯夏火,连载,玩家凶猛,科幻
跃千愁,连载,前任无双,仙侠
阴天神隐,连载,怪物被杀就会死,轻小说
天蚕土豆,连载,元尊,玄幻
凿砚,连载,我的人生模拟器,都市
全金属弹壳,连载,妖魔哪里走,仙侠
小呆昭,连载,我的一天有48小时,科幻
魔性沧月,连载,信息全知者,都市
横扫天涯,完本,天道图书馆,玄幻
膨胀的咕咕咕,连载,我能看到气运线,玄幻
吨吨吨吨吨,连载,生活系游戏,都市
寻青藤,完本,谍影风云,军事
爱潜水的乌贼,完本,一世之尊,玄幻
孑与2,完本,唐砖,历史
飞天鱼,连载,万古神帝,玄幻
烟火酒颂,连载,柯南之我不是蛇精病,轻小说
神秘的大西瓜,连载,峡谷之巅,游戏
昭灵驷玉,连载,科技之全球垄断,科幻
打死不放香菜,连载,我的生活能开挂,都市
一刀斩斩斩,连载,谁动了我的韭菜,游戏
三天两觉,完本,惊悚乐园,游戏
忘语,连载,凡人修仙之仙界篇,仙侠
耳根,连载,三寸人间,仙侠
鬼雨,连载,人仙百年,仙侠
相思洗红豆,连载,绝代名师,玄幻
白驹易逝,连载,从山寨npc到大BOSS,玄幻
辰东,连载,圣墟,玄幻
真熊初墨,完本,手术直播间,都市
上山打老虎额,完本,明朝败家子,历史
老鹰吃小鸡,完本,重生之财源滚滚,都市
十步杀一仙,连载,出名太快怎么办,都市
乘风御剑,连载,咫尺之间人尽敌国,玄幻
姬叉,连载,问道红尘,仙侠
昨夜大雨,连载,影视世界旅行家,科幻
乱,连载,全职法师,玄幻
骷髅精灵,连载,御九天,仙侠
鬼灯青月,连载,证道从遮天开始,轻小说
天蚕土豆,完本,斗破苍穹,玄幻
猫腻,完本,庆余年,历史
三百斤的微笑,连载,饲养全人类,都市
文抄公,连载,轮回大劫主,游戏
葫芦村人,连载,我真的只是村长,都市
辰东,完本,完美世界,玄幻
封七月,连载,通幽大圣,武侠
二目,完本,放开那个女巫,奇幻
瑞根,连载,数风流人物,历史
翔炎,连载,法爷永远是你大爷,游戏
渔樵看海,连载,我的召唤物可以学技能,玄幻
第七个魔方,连载,我有一群地球玩家,游戏
风轻扬,连载,凌天战尊,玄幻
偷名,连载,我的重返人生,都市
会做菜的猫,连载,美食供应商,都市
箫锦鲤,连载,女帝的神级星卡师,玄幻
爱潜水的乌贼,完本,奥术神座,玄幻
维斯特帕列,连载,诸天万界神龙系统,科幻
大罗罗,连载,抢救大明朝,历史
龙蛇枝,连载,诡异修仙世界,仙侠
志鸟村,连载,大医凌然,都市
鹅是老五,连载,天下第九,仙侠
骑行拐杖,连载,漫威里的德鲁伊,科幻
涂章溢.QD,连载,打穿西游的唐僧,仙侠
游方老盗,连载,文娱从综艺开始,都市
刘家长子.CS,连载,太太请自重,轻小说
李道然,连载,史上最强炼气期（又名：炼气五千年）,玄幻
永恒之火,连载,众神世界,玄幻
农家一锅出,连载,带着系统来大唐,历史
严七官,连载,特种岁月,军事
十二翼黑暗炽天使,连载,我只想安静地打游戏,玄幻
棉衣卫,连载,万界圆梦师,科幻
沉默的糕点,连载,史上第一密探,玄幻
齐可休,连载,芝加哥1990,轻小说
任秋溟,连载,这个刺客有毛病,轻小说
人间武库,连载,穹顶之上,都市
汉宝,连载,恶魔就在身边,玄幻
耳根,完本,仙逆,仙侠
卧牛真人,连载,地球人实在太凶猛了,科幻
鲇鱼头,连载,重生南非当警察,历史
会做菜的猫,连载,酒店供应商,都市
高月,连载,猛卒,历史
给您添蘑菇啦,连载,学魔养成系统,都市
初四兮,连载,手速慢到时间停止,游戏
爸爸无敌,连载,我在西北开加油站,都市
蝴蝶蓝,完本,全职高手,游戏
景以,连载,系统逼我做皇帝,历史
肉末大茄子,连载,我投篮实在太准了,体育
奥比椰,连载,颤栗高空,悬疑
莫默,连载,武炼巅峰,玄幻
误道者,完本,大道争锋,仙侠
幼儿园一把手,连载,这号有毒,轻小说
吴杰超,连载,无限先知,玄幻
屋外风吹凉,连载,红楼春,历史
神龙抄手,连载,修仙从长生不老开始,仙侠
小小一蚍蜉,连载,我娘子天下第一,历史
零下九十度,连载,超神制卡师,玄幻
黑山老鬼,连载,九天,仙侠
哎哟啊,连载,你们练武我种田,玄幻
zhttty,连载,洪荒历,奇幻
高楼大厦,连载,太初,玄幻
想枕头的瞌睡,连载,你跑不过我吧,都市
大汉护卫,连载,网游之全民领主,游戏
沉默的糕点,连载,史上最强赘婿,玄幻
风会笑,连载,都市极品医神,都市
岳麓山山主,连载,我可以兑换悟性,玄幻
公子許,连载,天唐锦绣,历史
断桥残雪,连载,都市超级医圣,都市
韭菜东南生,连载,崇祯十五年,历史
跃千愁,完本,道君,仙侠
猩猩崛起,连载,电影世界大拯救,科幻
陈风笑,连载,大数据修仙,仙侠
神行汉堡,连载,变成血族是什么体验,都市
天下飘火,连载,黑暗血时代,科幻
咯嘣,连载,世界树的游戏,轻小说
厌笔萧生,连载,帝霸,玄幻
不祈十弦,连载,玩家超正义,轻小说
沉入太平洋,连载,我有一个大世界,都市
Mr星火,连载,诸天最强道长,科幻
中华田园牛,连载,大明镇海王,历史
公子不歌,连载,重生创业时代,都市
三天两觉,连载,盖世双谐,武侠
杯盏长生酒,连载,从观众席走向娱乐圈,都市
卧牛真人,完本,修真四万年,科幻
辰一十一,连载,明尊,仙侠
不放心油条,连载,一品修仙,仙侠
猪心虾仁,连载,举国开发异世界,科幻
唐家三少,连载,斗罗大陆II绝世唐门,玄幻
烟雨江南,连载,天阿降临,玄幻
Andlao,连载,余烬之铳,奇幻
穿黄衣的阿肥,连载,我的细胞监狱,科幻
我吃西红柿,完本,吞噬星空,科幻
迪巴拉爵士,完本,带着仓库到大明,历史
明月地上霜,连载,我真不是仙二代,仙侠
奇迹祈愿,连载,法术真理,游戏
辛老七,连载,大国金融,都市
西风啸月,连载,磨了10年剑的我终于可以浪了,武侠
三戒大师,完本,官居一品,历史
夕山白石,连载,特拉福买家俱乐部,都市
江公子阿宝,连载,我快亏成麻瓜了,游戏
驿路羁旅,连载,美漫世界阴影轨迹,游戏
我叫排云掌,连载,诸天福运,科幻
枫海明,连载,诸天冥海,科幻
七月新番,完本,秦吏,历史
我吃西红柿,完本,星辰变,仙侠
超级麦克风,连载,我不想当老大,体育
周流星位,连载,我修炼开了外挂,仙侠
虚空吟唱者,连载,这个宇智波过于谨慎,轻小说
七只跳蚤,连载,诸天最强大佬,科幻
枫霜,连载,放开那只妖宠,玄幻
纯洁滴小龙,完本,深夜书屋,悬疑
一蓑烟鱼2号,连载,从文抄公到全大陆巨星,悬疑
会狼叫的猪,连载,垂钓之神,玄幻
铁牛仙,连载,网游之金刚不坏,游戏
新丰,连载,从精神病院走出的强者,玄幻
吃瓜子群众,连载,超凡大卫,奇幻
白蘸糖,连载,美漫之超人,科幻
如水意,连载,末日之最终战争,军事
剑符文,连载,从火影开始卖罐子,轻小说
衣冠正伦,连载,冠冕唐皇,历史
臧福生,连载,医路坦途,都市
听日,连载,你有种就杀了我,科幻
伴读小牧童,连载,宋北云,历史
许你风华绝代,连载,横推从拔刀开始,玄幻
懒鸟,连载,农夫凶猛,玄幻
远瞳,完本,异常生物见闻录,科幻
幻梦猎人,连载,灾厄收容所,科幻
黑眼白发,连载,诸天最强大BOSS,玄幻
闭口禅,连载,位面之狩猎万界,科幻
官笙,连载,宋煦,历史
纳兰凌云,连载,从我是特种兵开始打卡,军事
槿木槿木,连载,木叶养猫人,轻小说
月中阴,连载,旧日主宰,玄幻
孤独漂流,连载,永恒国度,仙侠
历史里吹吹风,连载,我只想安心修仙,仙侠
自在核桃,连载,娱乐圈的科学家,都市
迦太基的失落,连载,从九龙夺嫡开始,仙侠
神秘滑稽,连载,游戏铜币能提现,游戏
榴弹怕水,完本,覆汉,历史
万事皆虚,连载,无限神装在都市,都市
通吃道人.QD,完本,废土崛起,科幻
吐泡泡的鲤鱼,连载,我成了血族始祖,科幻
笔墨纸键,连载,从契约精灵开始,轻小说
已更新2章,连载,西游之一拳圣人,玄幻
小圆源,连载,圣武称尊,玄幻
千崎真央,连载,千叶咸鱼传说,轻小说
杂号小兵,连载,一戟平三国,历史
切开的柠檬,连载,挂机死神就能变强,玄幻
Iced子夜,连载,峡谷正能量,游戏
宝蓝海洋,连载,我成了二周目BOSS,轻小说
役满,连载,我在东京创造都市传说,轻小说
跃千愁,完本,飞天,仙侠
林海听涛,连载,禁区之狐,体育
龙战将,连载,从士兵突击开始的影视剧特种兵,军事
一桶布丁,连载,佛系科技,都市
痞徒,连载,环球挖土党,都市
欢颜笑语,连载,从收租开始当大佬,都市
无双之国士,连载,我的重生不一样啊,都市
有梦之人,连载,开错外挂怎么办,都市
争斤论两花花帽,完本,我的1979,都市
永恒之火,连载,儒道至圣,玄幻
神叹,连载,联盟之电竞经理,游戏
临河羡鱼翁,连载,我想当巨星,体育
爱潜水的乌贼,完本,武道宗师,玄幻
无火的余灰,连载,射程之内遍地真理,轻小说
最终永恒,连载,深空之流浪舰队,科幻
武三毛,完本,我能追踪万物,仙侠
十二翼黑暗炽天使,连载,超级神基因,玄幻
天蚕土豆,完本,大主宰,玄幻
天子,完本,寒门状元,历史
猫腻,完本,将夜,玄幻
熊狼狗,完本,明日之劫,玄幻
宅猪,完本,人道至尊,玄幻
黄杉公子,连载,从士兵突击开始的人生,军事
碧蓝的世界,连载,我侄子戒心实在太重了,玄幻
花都大少,连载,极品全能高手,都市
东城令,连载,我有无数技能点,玄幻
活儿该,连载,从姑获鸟开始,科幻
刀削面加蛋,连载,逆流1982,都市
夜南听风,连载,从火影开始掌控时间,轻小说
冰原三雅,连载,影视世界当神探,科幻
布咖文,连载,胖揍星际商人,科幻
资产暴增,连载,疯狂进化,玄幻
惰堕,完本,剑徒之路,仙侠
八刃贤狼,连载,神豪从吹牛纳税开始,都市
实在闲得疼,连载,一九八一年,都市
廖不十,连载,猛兽直播间,都市
新海月1,连载,神圣罗马帝国,历史
威馆长,连载,魔卡诸天,奇幻
一梦黄粱,连载,三界劳改局,仙侠
比风还要快,连载,重生梦联网,悬疑
枪手1号,连载,寻唐,历史
宏远,连载,我的主角要杀我,科幻
耳根,连载,一念永恒,仙侠
鱼人二代,连载,校花的贴身高手,都市
想见江南,连载,这个修士很危险,仙侠
叶恨水,连载,从灵气复苏到末法时代,仙侠
打眼,完本,黄金瞳,都市
二将,连载,大制药师系统,都市
抗战三郎,连载,系统派我来抗战,军事
薪火之王,连载,剑圣就该出肉装,玄幻
绯炎,连载,伊塔之柱,游戏
往边,连载,狩魔猎人和他的小屋,游戏
纯洁小天使,连载,霍格沃茨之血脉巫师,轻小说
青空洗雨,完本,随身带个狩猎空间,玄幻
拥有福气,连载,驱魔人的自我修养,悬疑
过水看娇,连载,我在黄泉有座房,悬疑
愿心不变,连载,库洛牌的魔法使,轻小说
彦是我女人,连载,我真不想当BOSS,科幻
明月地上霜,完本,我修的可能是假仙,轻小说
荣小荣,完本,如意小郎君,历史
封七月,完本,拜见教主大人,武侠
汉朝天子,连载,战锤神座,奇幻
兴霸天,连载,诸天谍影,科幻
请叫我小佳佳,连载,全球星卡师,玄幻
锋临天下,连载,重生过去当传奇,都市
六月观主,连载,太虚化龙篇,仙侠
朱雀行空,连载,我不想受欢迎啊,都市
牧狐,连载,超维术士,玄幻
如水意,完本,佣兵的战争,军事
公子不歌,连载,重生完美时代,都市
黑色的单车,连载,名监督的日常,都市
王不过霸,连载,庶族无名,历史
唐家三少,连载,斗罗大陆III龙王传说,玄幻
飞翔de懒猫,连载,文明之万界领主,游戏
孑与2,连载,汉乡,历史
人间武库,完本,逆流纯真年代,都市
安溪柚,连载,腾飞我的航空时代,都市
胖一点,连载,从拍情景喜剧开始,都市
八宝饭,连载,道长去哪了,仙侠
鹅是老五,完本,最强弃少,仙侠
奈何笑忘川,连载,我上我真行,都市
辣酱配咸鱼,连载,我有好多复活币,轻小说
日每一万神成,连载,我怎么当上了皇帝,玄幻
裴屠狗,完本,诸天投影,科幻
风凌天下,完本,异世邪君,玄幻
幻动,连载,轮盘世界,科幻
暗黑小鬼鬼,连载,重生手艺人,都市
疯寂,连载,初唐逍遥王,历史
贱宗首席弟子,连载,赵氏虎子,历史
归咎.,连载,木叶寒风,轻小说
马月猴年,连载,诡三国,历史
西关钛金,连载,大唐第一长子,历史
笑畏余生,连载,诸天大佬聊天室,轻小说
漫客1,连载,无双庶子,历史
鹅是老五,完本,不朽凡人,仙侠
画飞,连载,我只想安静的画漫画,都市
翼赤火,连载,我对恶魔果实没有兴趣,轻小说
亚舍罗,连载,进化之眼,玄幻
半卷残篇,连载,我真不想当天师啊,都市
真愚老人,连载,秘巫之主,奇幻
心意难平.,连载,自完美世界开始,玄幻
黑心火柴,连载,全球影帝,都市
油炸咸鱼,连载,不可思议的山海,仙侠
兔来割草,连载,现在我想做个好人,都市
夜雨飘灯,连载,武侠江湖大冒险,科幻
小刀锋利,完本,大符篆师,仙侠
别和我搭讪,连载,我炸了游戏服务器之后,科幻
御炎,连载,东汉末年枭雄志,历史
天煌贵胄,完本,回到明朝当暴君,历史
道在不可鸣,完本,垂钓诸天,都市
萧舒,完本,白袍总管,武侠
殆火,连载,封神之我要当昏君,仙侠
极地风刃,连载,重生之最强星帝,都市
颓废龙,连载,猎魔烹饪手册,游戏
血红,完本,开天录,玄幻
蠢蠢凡愚QD,连载,高龄巨星,都市
黄老湿,连载,重生之最强大亨,都市
爱人火枪手,连载,精灵之性格大师,轻小说
一语破春风,连载,大隋国师,武侠
三阳天,连载,勤奋努力的我不算开挂,玄幻
凰中鲤,连载,氪金魔主,玄幻
猫色,连载,重生柯南当侦探,轻小说
凌虚月影,连载,我的混沌城,游戏
帝桓,连载,战锤巫师,奇幻
王梓钧,完本,重生野性时代,都市
东天不冷,连载,我为天帝召唤群雄,玄幻
醉虎,连载,无垠,仙侠
莫问初心,连载,封神问道行,仙侠
钢枪里的温柔,连载,神级农场,都市
叫天,完本,崇祯窃听系统,历史
江湖再见,连载,万古最强宗,玄幻
中秋月明,连载,我是个么得感情的杀手,都市
老白牛,完本,明末边军一小兵,历史
轻语江湖,连载,奶爸的异界餐厅,轻小说
西贝猫,连载,次元法典,游戏
枯玄,连载,仙王的日常生活,轻小说
萧舒,连载,超脑太监,武侠
我吃西红柿,完本,莽荒纪,仙侠
荣小荣,完本,逍遥小书生,历史
千年静守,连载,动力之王,都市
转的陀螺,连载,从骷髅岛开始横推万界,悬疑
断刃天涯,连载,重生之搏浪大时代,都市
木老七,连载,银龙的黑科技,奇幻
缘乐,连载,美女明星看上我,都市
贱宗首席弟子,完本,大魏宫廷,历史
华表,连载,都市剑说,都市
南瞻台,连载,我有一棵神话树,玄幻
一剑清新,连载,逆剑狂神,玄幻
黑暗狗熊,连载,我有超体U盘,科幻
笨蛋兔子君,连载,圣主的世界之旅,轻小说
听日,完本,小世界其乐无穷,科幻
可乐,连载,我的女友又跑了,轻小说
月阳之涯,连载,重生逆流崛起,都市
雨下的好大,完本,我家可能有位大佬,玄幻
江湖说梦人,连载,重写科技格局,都市
南希北庆,连载,承包大明,历史
快剑江湖,连载,是篮球之神啊,体育
八宝饭,完本,道门法则,仙侠
吃一口布丁,连载,泡面首富,游戏
螺旋飞面,连载,重生的我不需要女主,轻小说
陈词懒调,连载,未来天王,科幻
孙帅出口成诗,连载,氪金医生,都市
佛即心兮,连载,重生浪潮之巅,都市
大头文,连载,我，中国队长,体育
惠鹏鹏,连载,诸天之从新做人,科幻
过河.卒,连载,全世界都在演我怎么办,游戏
当年离歌,连载,爆裂天神,科幻
纣胄,连载,回到明朝做昏君,历史
打眼,完本,天才相师,都市
朔时雨,连载,从海贼开始种世界树,轻小说
风上忍,连载,时空之头号玩家,科幻
忘语,连载,魔天记,仙侠
铜牙,连载,荒野之活着就变强,都市
醛石,连载,乡间轻曲,都市
余云飞,连载,玩家请自重,奇幻
刹那辉煌,连载,迷途的叙事诗,轻小说
里斯本夜车,连载,篮坛上帝之眼,体育
隐语者,完本,退后让为师来,科幻
红叶知玄,完本,木叶之影流,轻小说
咸鱼不惧突刺,连载,诸天信条,科幻
道然居士,连载,从斗罗开始的浪人,轻小说
无籽甜瓜,连载,一万年新手保护期,仙侠
黑天魔神,连载,宿主,科幻
滚开,连载,极道天魔,仙侠
山人有妙计,连载,万古最强部落,玄幻
参江,连载,我真就想当个厨子啊,武侠
吃饭打怪兽,连载,我的导演时代,都市
粉笔白,连载,最佳特摄时代,都市
打眼,完本,神藏,都市
小楼听风云,连载,从大佬到武林盟主,玄幻
咱的小刀,连载,精灵之这个捕虫少年稳如老狗,轻小说
猫腻,完本,间客,玄幻
一根黄山,连载,华娱从1980开始,都市
七杨,连载,联盟之侠客行,游戏
药石可医,连载,求掌教下山,仙侠
无主之剑,连载,王国血脉,奇幻
金色茉莉花,连载,这只妖怪不太冷,都市
哈姆波特,连载,三国从救曹操老爹开始,历史
幽祝,连载,苍青之剑,游戏
旺仔老馒头,连载,太古龙象诀,玄幻
清风小道童,连载,异世界道门,仙侠
煌煌华夏,连载,日月永在,历史
墨守白,连载,我是一个原始人,历史
半碗红烧肉,连载,海贼世界没有救世主,轻小说
tisword,连载,最强妖锋,体育
台式电脑,连载,老祖宗在天有灵,玄幻
混沌文工团,连载,美漫丧钟,轻小说
黑心的大白,连载,征战乐园,科幻
就像阳光,连载,第八冠位,轻小说
桥上风景独好,连载,决胜新金融时代,都市
当年烟火,连载,超神道术,玄幻
袖里箭,连载,妖女请自重,仙侠
屋外风吹凉,完本,红楼之庶子风流,历史
天下第一白,连载,重生之网络争霸,都市
薪意,连载,我是神话创世主,玄幻
西方蜘蛛,连载,迷踪谍影,军事
英雄骑士,连载,DC家的骑士,轻小说
柯山梦,完本,晚明,历史
狂花非叶,连载,传奇1997,都市
好多牛,连载,建造狂魔,都市
机器人瓦力,连载,黎明医生,悬疑
奶瓶战斗机,连载,法兰西之狐,历史
不是马里奥,连载,漫游在影视世界,科幻
二子从周,连载,苏厨,历史
月关,完本,回到明朝当王爷,历史
寅时不睡,连载,主公我不想加班,历史
卓牧闲,连载,韩四当官,历史
